pattern,support,num_edges,edge_keys
59804bf45feae328bfcefea0,0.7142857313156128,2,"[0, 1]"
59804c105feae328bfcf008c,0.3214285671710968,3,"[0, 1, 14]"
59804c2c5feae328bfcf02fa,0.3214285671710968,4,"[0, 1, 14, 15]"
59804c675feae328bfcf09e8,0.0714285746216774,5,"[0, 1, 14, 15, 16]"
59804c675feae328bfcf0965,0.1785714328289032,5,"[0, 1, 14, 15, 38]"
59804c675feae328bfcf09d7,0.0714285746216774,5,"[0, 1, 14, 15, 59]"
59804c675feae328bfcf09bb,0.0714285746216774,5,"[0, 1, 14, 15, 63]"
59804c495feae328bfcf0601,0.0714285746216774,4,"[0, 1, 14, 16]"
59804c675feae328bfcf09e4,0.0714285746216774,5,"[0, 1, 14, 16, 65]"
59804c495feae328bfcf0580,0.1785714328289032,4,"[0, 1, 14, 38]"
59804c675feae328bfcf09ee,0.0714285746216774,5,"[0, 1, 14, 38, 63]"
59804c675feae328bfcf0963,0.1785714328289032,5,"[0, 1, 14, 38, 65]"
59804c675feae328bfcf0a29,0.0714285746216774,5,"[0, 1, 14, 38, 67]"
59804c495feae328bfcf05ff,0.0714285746216774,4,"[0, 1, 14, 59]"
59804c675feae328bfcf09d3,0.0714285746216774,5,"[0, 1, 14, 59, 65]"
59804c495feae328bfcf0606,0.0714285746216774,4,"[0, 1, 14, 63]"
59804c2c5feae328bfcf02f8,0.3214285671710968,4,"[0, 1, 14, 65]"
59804c675feae328bfcf09c7,0.0714285746216774,5,"[0, 1, 14, 65, 67]"
59804c495feae328bfcf0610,0.0714285746216774,4,"[0, 1, 14, 67]"
59804c105feae328bfcf0097,0.7142857313156128,3,"[0, 1, 15]"
59804c495feae328bfcf05f0,0.1785714328289032,4,"[0, 1, 15, 16]"
59804c675feae328bfcf09a9,0.0714285746216774,5,"[0, 1, 15, 16, 37]"
59804c675feae328bfcf0a25,0.0714285746216774,5,"[0, 1, 15, 16, 38]"
59804c675feae328bfcf09ea,0.0714285746216774,5,"[0, 1, 15, 16, 46]"
59804c675feae328bfcf0a23,0.0714285746216774,5,"[0, 1, 15, 16, 52]"
59804c495feae328bfcf05d1,0.1071428582072258,4,"[0, 1, 15, 37]"
59804c675feae328bfcf0995,0.1071428582072258,5,"[0, 1, 15, 37, 38]"
59804c715feae328bfcf0c9f,0.0714285746216774,5,"[0, 1, 15, 37, 50]"
59804c675feae328bfcf0993,0.1071428582072258,5,"[0, 1, 15, 37, 52]"
59804c675feae328bfcf09a7,0.0714285746216774,5,"[0, 1, 15, 37, 59]"
59804c715feae328bfcf0c9e,0.0714285746216774,5,"[0, 1, 15, 37, 60]"
59804c495feae328bfcf0557,0.25,4,"[0, 1, 15, 38]"
59804c675feae328bfcf0a15,0.0714285746216774,5,"[0, 1, 15, 38, 59]"
59804c675feae328bfcf09ad,0.0714285746216774,5,"[0, 1, 15, 38, 63]"
59804c2c5feae328bfcf02fb,0.3214285671710968,4,"[0, 1, 15, 46]"
59804c675feae328bfcf0961,0.1785714328289032,5,"[0, 1, 15, 46, 52]"
59804c675feae328bfcf09d9,0.0714285746216774,5,"[0, 1, 15, 46, 59]"
59804c675feae328bfcf09bd,0.0714285746216774,5,"[0, 1, 15, 46, 63]"
59804c495feae328bfcf0556,0.25,4,"[0, 1, 15, 52]"
59804c675feae328bfcf0a13,0.0714285746216774,5,"[0, 1, 15, 52, 59]"
59804c675feae328bfcf09ab,0.0714285746216774,5,"[0, 1, 15, 52, 63]"
59804c495feae328bfcf05ef,0.1785714328289032,4,"[0, 1, 15, 59]"
59804c675feae328bfcf0944,0.0714285746216774,4,"[0, 1, 15, 63]"
59804c2c5feae328bfcf02e2,0.0714285746216774,4,"[0, 1, 15, 72]"
59804c2c5feae328bfcf02e3,0.0714285746216774,4,"[0, 1, 15, 72]"
59804c105feae328bfcf0073,0.1785714328289032,3,"[0, 1, 16]"
59804c665feae328bfcf0930,0.0714285746216774,4,"[0, 1, 16, 37]"
59804c675feae328bfcf0975,0.0714285746216774,5,"[0, 1, 16, 37, 38]"
59804c675feae328bfcf0973,0.0714285746216774,5,"[0, 1, 16, 37, 52]"
59804c715feae328bfcf0caa,0.0714285746216774,5,"[0, 1, 16, 37, 60]"
59804c675feae328bfcf09a5,0.0714285746216774,5,"[0, 1, 16, 37, 65]"
59804c495feae328bfcf0592,0.0714285746216774,4,"[0, 1, 16, 38]"
59804c675feae328bfcf0a21,0.0714285746216774,5,"[0, 1, 16, 38, 65]"
59804c495feae328bfcf0605,0.0714285746216774,4,"[0, 1, 16, 46]"
59804c675feae328bfcf09e6,0.0714285746216774,5,"[0, 1, 16, 46, 65]"
59804c495feae328bfcf0591,0.0714285746216774,4,"[0, 1, 16, 52]"
59804c675feae328bfcf0a1f,0.0714285746216774,5,"[0, 1, 16, 52, 65]"
59804c495feae328bfcf05ed,0.1785714328289032,4,"[0, 1, 16, 65]"
59804c105feae328bfcf0031,0.1071428582072258,3,"[0, 1, 37]"
59804c665feae328bfcf0915,0.1071428582072258,4,"[0, 1, 37, 38]"
59804c715feae328bfcf0cbc,0.0714285746216774,5,"[0, 1, 37, 38, 50]"
59804c675feae328bfcf0971,0.0714285746216774,5,"[0, 1, 37, 38, 59]"
59804c715feae328bfcf0ca9,0.0714285746216774,5,"[0, 1, 37, 38, 60]"
59804c675feae328bfcf0991,0.1071428582072258,5,"[0, 1, 37, 38, 65]"
59804c675feae328bfcf093d,0.0714285746216774,4,"[0, 1, 37, 50]"
59804c715feae328bfcf0cba,0.0714285746216774,5,"[0, 1, 37, 50, 52]"
59804c715feae328bfcf0cb5,0.0714285746216774,5,"[0, 1, 37, 50, 59]"
59804c715feae328bfcf0c9d,0.0714285746216774,5,"[0, 1, 37, 50, 65]"
59804c665feae328bfcf0914,0.1071428582072258,4,"[0, 1, 37, 52]"
59804c675feae328bfcf096f,0.0714285746216774,5,"[0, 1, 37, 52, 59]"
59804c715feae328bfcf0ca5,0.0714285746216774,5,"[0, 1, 37, 52, 60]"
59804c675feae328bfcf098f,0.1071428582072258,5,"[0, 1, 37, 52, 65]"
59804c665feae328bfcf092f,0.0714285746216774,4,"[0, 1, 37, 59]"
59804c675feae328bfcf09a3,0.0714285746216774,5,"[0, 1, 37, 59, 65]"
59804c675feae328bfcf093b,0.0714285746216774,4,"[0, 1, 37, 60]"
59804c715feae328bfcf0c9c,0.0714285746216774,5,"[0, 1, 37, 60, 65]"
59804c495feae328bfcf05d0,0.1071428582072258,4,"[0, 1, 37, 65]"
59804c105feae328bfcf00b9,0.25,3,"[0, 1, 38]"
59804c495feae328bfcf058e,0.0714285746216774,4,"[0, 1, 38, 59]"
59804c675feae328bfcf0a11,0.0714285746216774,5,"[0, 1, 38, 59, 65]"
59804c495feae328bfcf053b,0.0714285746216774,4,"[0, 1, 38, 63]"
59804c495feae328bfcf0555,0.25,4,"[0, 1, 38, 65]"
59804c675feae328bfcf09b9,0.0714285746216774,5,"[0, 1, 38, 65, 67]"
59804c495feae328bfcf0541,0.0714285746216774,4,"[0, 1, 38, 67]"
59804c105feae328bfcf008e,0.3214285671710968,3,"[0, 1, 46]"
59804c495feae328bfcf0582,0.1785714328289032,4,"[0, 1, 46, 52]"
59804c675feae328bfcf09ec,0.0714285746216774,5,"[0, 1, 46, 52, 63]"
59804c675feae328bfcf095f,0.1785714328289032,5,"[0, 1, 46, 52, 65]"
59804c675feae328bfcf0a27,0.0714285746216774,5,"[0, 1, 46, 52, 67]"
59804c495feae328bfcf0603,0.0714285746216774,4,"[0, 1, 46, 59]"
59804c675feae328bfcf09d5,0.0714285746216774,5,"[0, 1, 46, 59, 65]"
59804c495feae328bfcf0608,0.0714285746216774,4,"[0, 1, 46, 63]"
59804c2c5feae328bfcf02f9,0.3214285671710968,4,"[0, 1, 46, 65]"
59804c675feae328bfcf09c9,0.0714285746216774,5,"[0, 1, 46, 65, 67]"
59804c495feae328bfcf0611,0.0714285746216774,4,"[0, 1, 46, 67]"
59804c105feae328bfcf00b7,0.25,3,"[0, 1, 52]"
59804c495feae328bfcf058d,0.0714285746216774,4,"[0, 1, 52, 59]"
59804c675feae328bfcf0a0f,0.0714285746216774,5,"[0, 1, 52, 59, 65]"
59804c495feae328bfcf053a,0.0714285746216774,4,"[0, 1, 52, 63]"
59804c495feae328bfcf0554,0.25,4,"[0, 1, 52, 65]"
59804c675feae328bfcf09b7,0.0714285746216774,5,"[0, 1, 52, 65, 67]"
59804c495feae328bfcf0540,0.0714285746216774,4,"[0, 1, 52, 67]"
59804c105feae328bfcf006f,0.1785714328289032,3,"[0, 1, 59]"
59804c495feae328bfcf05eb,0.1785714328289032,4,"[0, 1, 59, 65]"
59804c105feae328bfcf00a3,0.0714285746216774,3,"[0, 1, 63]"
59804c105feae328bfcf0095,0.7142857313156128,3,"[0, 1, 65]"
59804c675feae328bfcf0943,0.0714285746216774,4,"[0, 1, 65, 67]"
59804c2c5feae328bfcf02e0,0.0714285746216774,4,"[0, 1, 65, 72]"
59804c2c5feae328bfcf02e1,0.0714285746216774,4,"[0, 1, 65, 72]"
59804c105feae328bfcf00a9,0.0714285746216774,3,"[0, 1, 67]"
59804c105feae328bfcf0027,0.0714285746216774,3,"[0, 1, 72]"
59804c105feae328bfcf0029,0.0714285746216774,3,"[0, 1, 72]"
59804bf45feae328bfcefe7c,0.3214285671710968,2,"[0, 14]"
59804c105feae328bfcf00be,0.3214285671710968,3,"[0, 14, 15]"
59804c495feae328bfcf05c8,0.0714285746216774,4,"[0, 14, 15, 16]"
59804c675feae328bfcf09e7,0.0714285746216774,5,"[0, 14, 15, 16, 72]"
59804c2c5feae328bfcf0319,0.1785714328289032,4,"[0, 14, 15, 38]"
59804c665feae328bfcf091d,0.0714285746216774,5,"[0, 14, 15, 38, 63]"
59804c675feae328bfcf0964,0.1785714328289032,5,"[0, 14, 15, 38, 72]"
59804c495feae328bfcf05c0,0.0714285746216774,4,"[0, 14, 15, 59]"
59804c675feae328bfcf09d6,0.0714285746216774,5,"[0, 14, 15, 59, 72]"
59804c2c5feae328bfcf0302,0.0714285746216774,4,"[0, 14, 15, 63]"
59804c675feae328bfcf09ba,0.0714285746216774,5,"[0, 14, 15, 63, 72]"
59804c2c5feae328bfcf02f1,0.3214285671710968,4,"[0, 14, 15, 72]"
59804c2c5feae328bfcf02e8,0.0714285746216774,3,"[0, 14, 16]"
59804c495feae328bfcf05c6,0.0714285746216774,4,"[0, 14, 16, 65]"
59804c675feae328bfcf09e3,0.0714285746216774,5,"[0, 14, 16, 65, 72]"
59804c495feae328bfcf05f4,0.0714285746216774,4,"[0, 14, 16, 72]"
59804c2c5feae328bfcf02b2,0.1785714328289032,3,"[0, 14, 38]"
59804c495feae328bfcf05b4,0.0714285746216774,4,"[0, 14, 38, 63]"
59804c675feae328bfcf09ed,0.0714285746216774,5,"[0, 14, 38, 63, 72]"
59804c2c5feae328bfcf0318,0.1785714328289032,4,"[0, 14, 38, 65]"
59804c665feae328bfcf091c,0.0714285746216774,5,"[0, 14, 38, 65, 67]"
59804c675feae328bfcf0962,0.1785714328289032,5,"[0, 14, 38, 65, 72]"
59804c495feae328bfcf05ba,0.0714285746216774,4,"[0, 14, 38, 67]"
59804c675feae328bfcf0a28,0.0714285746216774,5,"[0, 14, 38, 67, 72]"
59804c495feae328bfcf057b,0.1785714328289032,4,"[0, 14, 38, 72]"
59804c2c5feae328bfcf02e6,0.0714285746216774,3,"[0, 14, 59]"
59804c495feae328bfcf05be,0.0714285746216774,4,"[0, 14, 59, 65]"
59804c675feae328bfcf09d2,0.0714285746216774,5,"[0, 14, 59, 65, 72]"
59804c495feae328bfcf05f3,0.0714285746216774,4,"[0, 14, 59, 72]"
59804c105feae328bfcf0065,0.0714285746216774,3,"[0, 14, 63]"
59804c495feae328bfcf05cd,0.0714285746216774,4,"[0, 14, 63, 72]"
59804c105feae328bfcf00bc,0.3214285671710968,3,"[0, 14, 65]"
59804c2c5feae328bfcf030e,0.0714285746216774,4,"[0, 14, 65, 67]"
59804c675feae328bfcf09c6,0.0714285746216774,5,"[0, 14, 65, 67, 72]"
59804c2c5feae328bfcf02ec,0.3214285671710968,4,"[0, 14, 65, 72]"
59804c105feae328bfcf008a,0.0714285746216774,3,"[0, 14, 67]"
59804c495feae328bfcf0602,0.0714285746216774,4,"[0, 14, 67, 72]"
59804c105feae328bfcf007b,0.3214285671710968,3,"[0, 14, 72]"
59804bf45feae328bfcefea4,0.7142857313156128,2,"[0, 15]"
59804c2c5feae328bfcf02d8,0.1785714328289032,3,"[0, 15, 16]"
59804c495feae328bfcf0599,0.0714285746216774,4,"[0, 15, 16, 37]"
59804c675feae328bfcf09ff,0.0714285746216774,5,"[0, 15, 16, 37, 38]"
59804c675feae328bfcf09fe,0.0714285746216774,5,"[0, 15, 16, 37, 52]"
59804c665feae328bfcf091f,0.0714285746216774,5,"[0, 15, 16, 37, 60]"
59804c675feae328bfcf09a8,0.0714285746216774,5,"[0, 15, 16, 37, 72]"
59804c495feae328bfcf0531,0.0714285746216774,4,"[0, 15, 16, 38]"
59804c675feae328bfcf0a24,0.0714285746216774,5,"[0, 15, 16, 38, 72]"
59804c495feae328bfcf05c9,0.0714285746216774,4,"[0, 15, 16, 46]"
59804c675feae328bfcf09e9,0.0714285746216774,5,"[0, 15, 16, 46, 72]"
59804c495feae328bfcf0530,0.0714285746216774,4,"[0, 15, 16, 52]"
59804c675feae328bfcf0a22,0.0714285746216774,5,"[0, 15, 16, 52, 72]"
59804c495feae328bfcf05e2,0.1785714328289032,4,"[0, 15, 16, 72]"
59804c2c5feae328bfcf02a0,0.1071428582072258,3,"[0, 15, 37]"
59804c495feae328bfcf0575,0.1071428582072258,4,"[0, 15, 37, 38]"
59804c675feae328bfcf0951,0.0714285746216774,5,"[0, 15, 37, 38, 50]"
59804c675feae328bfcf09f7,0.0714285746216774,5,"[0, 15, 37, 38, 59]"
59804c675feae328bfcf0949,0.0714285746216774,5,"[0, 15, 37, 38, 60]"
59804c675feae328bfcf0994,0.1071428582072258,5,"[0, 15, 37, 38, 72]"
59804c495feae328bfcf05a0,0.0714285746216774,4,"[0, 15, 37, 50]"
59804c675feae328bfcf0950,0.0714285746216774,5,"[0, 15, 37, 50, 52]"
59804c665feae328bfcf0923,0.0714285746216774,5,"[0, 15, 37, 50, 59]"
59804c715feae328bfcf0c97,0.0714285746216774,5,"[0, 15, 37, 50, 72]"
59804c495feae328bfcf0573,0.1071428582072258,4,"[0, 15, 37, 52]"
59804c675feae328bfcf09f6,0.0714285746216774,5,"[0, 15, 37, 52, 59]"
59804c675feae328bfcf0948,0.0714285746216774,5,"[0, 15, 37, 52, 60]"
59804c675feae328bfcf0992,0.1071428582072258,5,"[0, 15, 37, 52, 72]"
59804c495feae328bfcf0598,0.0714285746216774,4,"[0, 15, 37, 59]"
59804c675feae328bfcf09a6,0.0714285746216774,5,"[0, 15, 37, 59, 72]"
59804c495feae328bfcf059f,0.0714285746216774,4,"[0, 15, 37, 60]"
59804c715feae328bfcf0c96,0.0714285746216774,5,"[0, 15, 37, 60, 72]"
59804c495feae328bfcf05cc,0.1071428582072258,4,"[0, 15, 37, 72]"
59804c105feae328bfcf004f,0.25,3,"[0, 15, 38]"
59804c495feae328bfcf0529,0.0714285746216774,4,"[0, 15, 38, 59]"
59804c675feae328bfcf0a14,0.0714285746216774,5,"[0, 15, 38, 59, 72]"
59804c495feae328bfcf0543,0.0714285746216774,4,"[0, 15, 38, 63]"
59804c675feae328bfcf09ac,0.0714285746216774,5,"[0, 15, 38, 63, 72]"
59804c495feae328bfcf054f,0.25,4,"[0, 15, 38, 72]"
59804c105feae328bfcf00bf,0.3214285671710968,3,"[0, 15, 46]"
59804c2c5feae328bfcf0317,0.1785714328289032,4,"[0, 15, 46, 52]"
59804c665feae328bfcf091b,0.0714285746216774,5,"[0, 15, 46, 52, 63]"
59804c675feae328bfcf0960,0.1785714328289032,5,"[0, 15, 46, 52, 72]"
59804c495feae328bfcf05c1,0.0714285746216774,4,"[0, 15, 46, 59]"
59804c675feae328bfcf09d8,0.0714285746216774,5,"[0, 15, 46, 59, 72]"
59804c2c5feae328bfcf0304,0.0714285746216774,4,"[0, 15, 46, 63]"
59804c675feae328bfcf09bc,0.0714285746216774,5,"[0, 15, 46, 63, 72]"
59804c2c5feae328bfcf02f3,0.3214285671710968,4,"[0, 15, 46, 72]"
59804c105feae328bfcf004e,0.25,3,"[0, 15, 52]"
59804c495feae328bfcf0528,0.0714285746216774,4,"[0, 15, 52, 59]"
59804c675feae328bfcf0a12,0.0714285746216774,5,"[0, 15, 52, 59, 72]"
59804c495feae328bfcf0542,0.0714285746216774,4,"[0, 15, 52, 63]"
59804c675feae328bfcf09aa,0.0714285746216774,5,"[0, 15, 52, 63, 72]"
59804c495feae328bfcf054e,0.25,4,"[0, 15, 52, 72]"
59804c2c5feae328bfcf02d7,0.1785714328289032,3,"[0, 15, 59]"
59804c495feae328bfcf05e0,0.1785714328289032,4,"[0, 15, 59, 72]"
59804c2c5feae328bfcf02b8,0.0714285746216774,3,"[0, 15, 63]"
59804c675feae328bfcf0940,0.0714285746216774,4,"[0, 15, 63, 72]"
59804c105feae328bfcf0096,0.7142857313156128,3,"[0, 15, 72]"
59804bf45feae328bfcefe5c,0.1785714328289032,2,"[0, 16]"
59804c2c5feae328bfcf0299,0.0714285746216774,3,"[0, 16, 37]"
59804c495feae328bfcf05ee,0.0714285746216774,4,"[0, 16, 37, 38]"
59804c715feae328bfcf0ca6,0.0714285746216774,5,"[0, 16, 37, 38, 60]"
59804c675feae328bfcf09fd,0.0714285746216774,5,"[0, 16, 37, 38, 65]"
59804c675feae328bfcf0974,0.0714285746216774,5,"[0, 16, 37, 38, 72]"
59804c495feae328bfcf05ec,0.0714285746216774,4,"[0, 16, 37, 52]"
59804c715feae328bfcf0ca2,0.0714285746216774,5,"[0, 16, 37, 52, 60]"
59804c675feae328bfcf09fc,0.0714285746216774,5,"[0, 16, 37, 52, 65]"
59804c675feae328bfcf0972,0.0714285746216774,5,"[0, 16, 37, 52, 72]"
59804c675feae328bfcf0996,0.0714285746216774,4,"[0, 16, 37, 60]"
59804c665feae328bfcf091e,0.0714285746216774,5,"[0, 16, 37, 60, 65]"
59804c715feae328bfcf0ca3,0.0714285746216774,5,"[0, 16, 37, 60, 72]"
59804c495feae328bfcf0597,0.0714285746216774,4,"[0, 16, 37, 65]"
59804c675feae328bfcf09a4,0.0714285746216774,5,"[0, 16, 37, 65, 72]"
59804c665feae328bfcf092c,0.0714285746216774,4,"[0, 16, 37, 72]"
59804c2c5feae328bfcf02c8,0.0714285746216774,3,"[0, 16, 38]"
59804c495feae328bfcf052f,0.0714285746216774,4,"[0, 16, 38, 65]"
59804c675feae328bfcf0a20,0.0714285746216774,5,"[0, 16, 38, 65, 72]"
59804c495feae328bfcf058a,0.0714285746216774,4,"[0, 16, 38, 72]"
59804c2c5feae328bfcf02eb,0.0714285746216774,3,"[0, 16, 46]"
59804c495feae328bfcf05c7,0.0714285746216774,4,"[0, 16, 46, 65]"
59804c675feae328bfcf09e5,0.0714285746216774,5,"[0, 16, 46, 65, 72]"
59804c495feae328bfcf05f6,0.0714285746216774,4,"[0, 16, 46, 72]"
59804c2c5feae328bfcf02c7,0.0714285746216774,3,"[0, 16, 52]"
59804c495feae328bfcf052e,0.0714285746216774,4,"[0, 16, 52, 65]"
59804c675feae328bfcf0a1e,0.0714285746216774,5,"[0, 16, 52, 65, 72]"
59804c495feae328bfcf0589,0.0714285746216774,4,"[0, 16, 52, 72]"
59804c2c5feae328bfcf02d6,0.1785714328289032,3,"[0, 16, 65]"
59804c495feae328bfcf05df,0.1785714328289032,4,"[0, 16, 65, 72]"
59804c105feae328bfcf0072,0.1785714328289032,3,"[0, 16, 72]"
59804bf45feae328bfcefe59,0.1071428582072258,2,"[0, 37]"
59804c2c5feae328bfcf02dd,0.1071428582072258,3,"[0, 37, 38]"
59804c675feae328bfcf0935,0.0714285746216774,4,"[0, 37, 38, 50]"
59804c715feae328bfcf0cb1,0.0714285746216774,5,"[0, 37, 38, 50, 59]"
59804c675feae328bfcf094f,0.0714285746216774,5,"[0, 37, 38, 50, 65]"
59804c715feae328bfcf0cbb,0.0714285746216774,5,"[0, 37, 38, 50, 72]"
59804c495feae328bfcf05ea,0.0714285746216774,4,"[0, 37, 38, 59]"
59804c675feae328bfcf09f5,0.0714285746216774,5,"[0, 37, 38, 59, 65]"
59804c675feae328bfcf0970,0.0714285746216774,5,"[0, 37, 38, 59, 72]"
59804c675feae328bfcf0931,0.0714285746216774,4,"[0, 37, 38, 60]"
59804c675feae328bfcf0947,0.0714285746216774,5,"[0, 37, 38, 60, 65]"
59804c715feae328bfcf0ca7,0.0714285746216774,5,"[0, 37, 38, 60, 72]"
59804c495feae328bfcf0571,0.1071428582072258,4,"[0, 37, 38, 65]"
59804c675feae328bfcf0990,0.1071428582072258,5,"[0, 37, 38, 65, 72]"
59804c665feae328bfcf0911,0.1071428582072258,4,"[0, 37, 38, 72]"
59804c2c5feae328bfcf0300,0.0714285746216774,3,"[0, 37, 50]"
59804c675feae328bfcf0934,0.0714285746216774,4,"[0, 37, 50, 52]"
59804c715feae328bfcf0cae,0.0714285746216774,5,"[0, 37, 50, 52, 59]"
59804c675feae328bfcf094e,0.0714285746216774,5,"[0, 37, 50, 52, 65]"
59804c715feae328bfcf0cb9,0.0714285746216774,5,"[0, 37, 50, 52, 72]"
59804c675feae328bfcf0998,0.0714285746216774,4,"[0, 37, 50, 59]"
59804c665feae328bfcf0922,0.0714285746216774,5,"[0, 37, 50, 59, 65]"
59804c715feae328bfcf0cb2,0.0714285746216774,5,"[0, 37, 50, 59, 72]"
59804c495feae328bfcf059e,0.0714285746216774,4,"[0, 37, 50, 65]"
59804c715feae328bfcf0c95,0.0714285746216774,5,"[0, 37, 50, 65, 72]"
59804c675feae328bfcf0939,0.0714285746216774,4,"[0, 37, 50, 72]"
59804c2c5feae328bfcf02dc,0.1071428582072258,3,"[0, 37, 52]"
59804c495feae328bfcf05e8,0.0714285746216774,4,"[0, 37, 52, 59]"
59804c675feae328bfcf09f4,0.0714285746216774,5,"[0, 37, 52, 59, 65]"
59804c675feae328bfcf096e,0.0714285746216774,5,"[0, 37, 52, 59, 72]"
59804c665feae328bfcf0928,0.0714285746216774,4,"[0, 37, 52, 60]"
59804c675feae328bfcf0946,0.0714285746216774,5,"[0, 37, 52, 60, 65]"
59804c715feae328bfcf0ca4,0.0714285746216774,5,"[0, 37, 52, 60, 72]"
59804c495feae328bfcf056f,0.1071428582072258,4,"[0, 37, 52, 65]"
59804c675feae328bfcf098e,0.1071428582072258,5,"[0, 37, 52, 65, 72]"
59804c665feae328bfcf0910,0.1071428582072258,4,"[0, 37, 52, 72]"
59804c2c5feae328bfcf0298,0.0714285746216774,3,"[0, 37, 59]"
59804c495feae328bfcf0596,0.0714285746216774,4,"[0, 37, 59, 65]"
59804c675feae328bfcf09a2,0.0714285746216774,5,"[0, 37, 59, 65, 72]"
59804c665feae328bfcf092b,0.0714285746216774,4,"[0, 37, 59, 72]"
59804c2c5feae328bfcf02fe,0.0714285746216774,3,"[0, 37, 60]"
59804c495feae328bfcf059d,0.0714285746216774,4,"[0, 37, 60, 65]"
59804c715feae328bfcf0c94,0.0714285746216774,5,"[0, 37, 60, 65, 72]"
59804c665feae328bfcf0927,0.0714285746216774,4,"[0, 37, 60, 72]"
59804c2c5feae328bfcf029f,0.1071428582072258,3,"[0, 37, 65]"
59804c495feae328bfcf05cb,0.1071428582072258,4,"[0, 37, 65, 72]"
59804c105feae328bfcf0030,0.1071428582072258,3,"[0, 37, 72]"
59804bf45feae328bfcefe93,0.25,2,"[0, 38]"
59804c2c5feae328bfcf02c1,0.0714285746216774,3,"[0, 38, 59]"
59804c495feae328bfcf0527,0.0714285746216774,4,"[0, 38, 59, 65]"
59804c675feae328bfcf0a10,0.0714285746216774,5,"[0, 38, 59, 65, 72]"
59804c495feae328bfcf0585,0.0714285746216774,4,"[0, 38, 59, 72]"
59804c2c5feae328bfcf028f,0.0714285746216774,3,"[0, 38, 63]"
59804c495feae328bfcf0533,0.0714285746216774,4,"[0, 38, 63, 72]"
59804c105feae328bfcf004d,0.25,3,"[0, 38, 65]"
59804c495feae328bfcf0549,0.0714285746216774,4,"[0, 38, 65, 67]"
59804c675feae328bfcf09b8,0.0714285746216774,5,"[0, 38, 65, 67, 72]"
59804c495feae328bfcf054d,0.25,4,"[0, 38, 65, 72]"
59804c2c5feae328bfcf0295,0.0714285746216774,3,"[0, 38, 67]"
59804c495feae328bfcf0539,0.0714285746216774,4,"[0, 38, 67, 72]"
59804c105feae328bfcf00b8,0.25,3,"[0, 38, 72]"
59804bf45feae328bfcefe7d,0.3214285671710968,2,"[0, 46]"
59804c2c5feae328bfcf02b3,0.1785714328289032,3,"[0, 46, 52]"
59804c495feae328bfcf059b,0.0714285746216774,4,"[0, 46, 52, 63]"
59804c675feae328bfcf09eb,0.0714285746216774,5,"[0, 46, 52, 63, 72]"
59804c2c5feae328bfcf0316,0.1785714328289032,4,"[0, 46, 52, 65]"
59804c665feae328bfcf091a,0.0714285746216774,5,"[0, 46, 52, 65, 67]"
59804c675feae328bfcf095e,0.1785714328289032,5,"[0, 46, 52, 65, 72]"
59804c495feae328bfcf05b9,0.0714285746216774,4,"[0, 46, 52, 67]"
59804c675feae328bfcf0a26,0.0714285746216774,5,"[0, 46, 52, 67, 72]"
59804c495feae328bfcf057d,0.1785714328289032,4,"[0, 46, 52, 72]"
59804c2c5feae328bfcf02ea,0.0714285746216774,3,"[0, 46, 59]"
59804c495feae328bfcf05bf,0.0714285746216774,4,"[0, 46, 59, 65]"
59804c675feae328bfcf09d4,0.0714285746216774,5,"[0, 46, 59, 65, 72]"
59804c495feae328bfcf05f5,0.0714285746216774,4,"[0, 46, 59, 72]"
59804c105feae328bfcf0083,0.0714285746216774,3,"[0, 46, 63]"
59804c495feae328bfcf05f8,0.0714285746216774,4,"[0, 46, 63, 72]"
59804c105feae328bfcf00bd,0.3214285671710968,3,"[0, 46, 65]"
59804c2c5feae328bfcf0311,0.0714285746216774,4,"[0, 46, 65, 67]"
59804c675feae328bfcf09c8,0.0714285746216774,5,"[0, 46, 65, 67, 72]"
59804c2c5feae328bfcf02ee,0.3214285671710968,4,"[0, 46, 65, 72]"
59804c105feae328bfcf008b,0.0714285746216774,3,"[0, 46, 67]"
59804c495feae328bfcf0604,0.0714285746216774,4,"[0, 46, 67, 72]"
59804c105feae328bfcf008d,0.3214285671710968,3,"[0, 46, 72]"
59804bf45feae328bfcefe92,0.25,2,"[0, 52]"
59804c2c5feae328bfcf02bf,0.0714285746216774,3,"[0, 52, 59]"
59804c495feae328bfcf0526,0.0714285746216774,4,"[0, 52, 59, 65]"
59804c675feae328bfcf0a0e,0.0714285746216774,5,"[0, 52, 59, 65, 72]"
59804c495feae328bfcf0583,0.0714285746216774,4,"[0, 52, 59, 72]"
59804c2c5feae328bfcf028e,0.0714285746216774,3,"[0, 52, 63]"
59804c495feae328bfcf0532,0.0714285746216774,4,"[0, 52, 63, 72]"
59804c105feae328bfcf004c,0.25,3,"[0, 52, 65]"
59804c495feae328bfcf0548,0.0714285746216774,4,"[0, 52, 65, 67]"
59804c675feae328bfcf09b6,0.0714285746216774,5,"[0, 52, 65, 67, 72]"
59804c495feae328bfcf054c,0.25,4,"[0, 52, 65, 72]"
59804c2c5feae328bfcf0294,0.0714285746216774,3,"[0, 52, 67]"
59804c495feae328bfcf0538,0.0714285746216774,4,"[0, 52, 67, 72]"
59804c105feae328bfcf00b6,0.25,3,"[0, 52, 72]"
59804bf45feae328bfcefe5a,0.1785714328289032,2,"[0, 59]"
59804c2c5feae328bfcf02d5,0.1785714328289032,3,"[0, 59, 65]"
59804c495feae328bfcf05de,0.1785714328289032,4,"[0, 59, 65, 72]"
59804c105feae328bfcf006e,0.1785714328289032,3,"[0, 59, 72]"
59804bf45feae328bfcefe9b,0.0714285746216774,2,"[0, 63]"
59804c105feae328bfcf00a2,0.0714285746216774,3,"[0, 63, 72]"
59804bf45feae328bfcefea3,0.7142857313156128,2,"[0, 65]"
59804c2c5feae328bfcf02b7,0.0714285746216774,3,"[0, 65, 67]"
59804c675feae328bfcf093f,0.0714285746216774,4,"[0, 65, 67, 72]"
59804c105feae328bfcf0094,0.7142857313156128,3,"[0, 65, 72]"
59804bf45feae328bfcefe9e,0.0714285746216774,2,"[0, 67]"
59804c105feae328bfcf00a8,0.0714285746216774,3,"[0, 67, 72]"
59804bf45feae328bfcefe9f,0.7142857313156128,2,"[0, 72]"
59804c715feae328bfcf0ca1,0.0714285746216774,5,"[1, 16, 45, 49, 51]"
59804c675feae328bfcf093e,0.0714285746216774,4,"[1, 16, 45, 51]"
59804c715feae328bfcf0cbf,0.0714285746216774,5,"[1, 16, 45, 51, 53]"
59804c715feae328bfcf0cc1,0.0714285746216774,5,"[1, 16, 45, 51, 54]"
59804c715feae328bfcf0cbd,0.0714285746216774,5,"[1, 16, 45, 51, 60]"
59804c715feae328bfcf0c9b,0.0714285746216774,5,"[1, 16, 45, 51, 66]"
59804bf45feae328bfcefea2,0.7142857313156128,2,"[1, 45]"
59804c105feae328bfcf0092,0.3214285671710968,3,"[1, 45, 47]"
59804c2c5feae328bfcf02fd,0.3214285671710968,4,"[1, 45, 47, 49]"
59804c675feae328bfcf09e2,0.0714285746216774,5,"[1, 45, 47, 49, 50]"
59804c675feae328bfcf095d,0.1785714328289032,5,"[1, 45, 47, 49, 54]"
59804c675feae328bfcf09d1,0.0714285746216774,5,"[1, 45, 47, 49, 60]"
59804c675feae328bfcf09c5,0.0714285746216774,5,"[1, 45, 47, 49, 69]"
59804c495feae328bfcf060c,0.0714285746216774,4,"[1, 45, 47, 50]"
59804c675feae328bfcf09de,0.0714285746216774,5,"[1, 45, 47, 50, 66]"
59804c495feae328bfcf0587,0.1785714328289032,4,"[1, 45, 47, 54]"
59804c675feae328bfcf095b,0.1785714328289032,5,"[1, 45, 47, 54, 66]"
59804c675feae328bfcf0a01,0.0714285746216774,5,"[1, 45, 47, 54, 68]"
59804c675feae328bfcf0a05,0.0714285746216774,5,"[1, 45, 47, 54, 69]"
59804c495feae328bfcf060a,0.0714285746216774,4,"[1, 45, 47, 60]"
59804c675feae328bfcf09cd,0.0714285746216774,5,"[1, 45, 47, 60, 66]"
59804c2c5feae328bfcf02f7,0.3214285671710968,4,"[1, 45, 47, 66]"
59804c675feae328bfcf09c1,0.0714285746216774,5,"[1, 45, 47, 66, 68]"
59804c495feae328bfcf060d,0.0714285746216774,4,"[1, 45, 47, 68]"
59804c495feae328bfcf060f,0.0714285746216774,4,"[1, 45, 47, 69]"
59804c105feae328bfcf0090,0.3214285671710968,3,"[1, 45, 48]"
59804c2c5feae328bfcf02fc,0.3214285671710968,4,"[1, 45, 48, 49]"
59804c675feae328bfcf09e0,0.0714285746216774,5,"[1, 45, 48, 49, 50]"
59804c675feae328bfcf0959,0.1785714328289032,5,"[1, 45, 48, 49, 53]"
59804c675feae328bfcf09cf,0.0714285746216774,5,"[1, 45, 48, 49, 60]"
59804c675feae328bfcf09c3,0.0714285746216774,5,"[1, 45, 48, 49, 69]"
59804c495feae328bfcf0609,0.0714285746216774,4,"[1, 45, 48, 50]"
59804c675feae328bfcf09db,0.0714285746216774,5,"[1, 45, 48, 50, 66]"
59804c495feae328bfcf0584,0.1785714328289032,4,"[1, 45, 48, 53]"
59804c675feae328bfcf0957,0.1785714328289032,5,"[1, 45, 48, 53, 66]"
59804c675feae328bfcf09f0,0.0714285746216774,5,"[1, 45, 48, 53, 68]"
59804c675feae328bfcf0a03,0.0714285746216774,5,"[1, 45, 48, 53, 69]"
59804c495feae328bfcf0607,0.0714285746216774,4,"[1, 45, 48, 60]"
59804c675feae328bfcf09cb,0.0714285746216774,5,"[1, 45, 48, 60, 66]"
59804c2c5feae328bfcf02f6,0.3214285671710968,4,"[1, 45, 48, 66]"
59804c675feae328bfcf09bf,0.0714285746216774,5,"[1, 45, 48, 66, 68]"
59804c495feae328bfcf060b,0.0714285746216774,4,"[1, 45, 48, 68]"
59804c495feae328bfcf060e,0.0714285746216774,4,"[1, 45, 48, 69]"
59804c105feae328bfcf0099,0.7142857313156128,3,"[1, 45, 49]"
59804c495feae328bfcf05f2,0.1785714328289032,4,"[1, 45, 49, 50]"
59804c675feae328bfcf09a1,0.0714285746216774,5,"[1, 45, 49, 50, 51]"
59804c675feae328bfcf0a1b,0.0714285746216774,5,"[1, 45, 49, 50, 53]"
59804c675feae328bfcf0a1d,0.0714285746216774,5,"[1, 45, 49, 50, 54]"
59804c495feae328bfcf05d2,0.1071428582072258,4,"[1, 45, 49, 51]"
59804c675feae328bfcf098b,0.1071428582072258,5,"[1, 45, 49, 51, 53]"
59804c675feae328bfcf098d,0.1071428582072258,5,"[1, 45, 49, 51, 54]"
59804c715feae328bfcf0ca0,0.0714285746216774,5,"[1, 45, 49, 51, 59]"
59804c675feae328bfcf099f,0.0714285746216774,5,"[1, 45, 49, 51, 60]"
59804c495feae328bfcf0558,0.25,4,"[1, 45, 49, 53]"
59804c675feae328bfcf0a0b,0.0714285746216774,5,"[1, 45, 49, 53, 60]"
59804c675feae328bfcf09b3,0.0714285746216774,5,"[1, 45, 49, 53, 69]"
59804c495feae328bfcf0559,0.25,4,"[1, 45, 49, 54]"
59804c675feae328bfcf0a0d,0.0714285746216774,5,"[1, 45, 49, 54, 60]"
59804c675feae328bfcf09b5,0.0714285746216774,5,"[1, 45, 49, 54, 69]"
59804c495feae328bfcf05f1,0.1785714328289032,4,"[1, 45, 49, 60]"
59804c675feae328bfcf0945,0.0714285746216774,4,"[1, 45, 49, 69]"
59804c2c5feae328bfcf02e4,0.0714285746216774,4,"[1, 45, 49, 72]"
59804c2c5feae328bfcf02e5,0.0714285746216774,4,"[1, 45, 49, 72]"
59804c105feae328bfcf0071,0.1785714328289032,3,"[1, 45, 50]"
59804c665feae328bfcf092e,0.0714285746216774,4,"[1, 45, 50, 51]"
59804c675feae328bfcf096b,0.0714285746216774,5,"[1, 45, 50, 51, 53]"
59804c675feae328bfcf096d,0.0714285746216774,5,"[1, 45, 50, 51, 54]"
59804c715feae328bfcf0caf,0.0714285746216774,5,"[1, 45, 50, 51, 59]"
59804c675feae328bfcf099d,0.0714285746216774,5,"[1, 45, 50, 51, 66]"
59804c495feae328bfcf058f,0.0714285746216774,4,"[1, 45, 50, 53]"
59804c675feae328bfcf0a17,0.0714285746216774,5,"[1, 45, 50, 53, 66]"
59804c495feae328bfcf0590,0.0714285746216774,4,"[1, 45, 50, 54]"
59804c675feae328bfcf0a19,0.0714285746216774,5,"[1, 45, 50, 54, 66]"
59804c495feae328bfcf05e9,0.1785714328289032,4,"[1, 45, 50, 66]"
59804c105feae328bfcf002f,0.1071428582072258,3,"[1, 45, 51]"
59804c665feae328bfcf0912,0.1071428582072258,4,"[1, 45, 51, 53]"
59804c715feae328bfcf0cb0,0.0714285746216774,5,"[1, 45, 51, 53, 59]"
59804c675feae328bfcf0967,0.0714285746216774,5,"[1, 45, 51, 53, 60]"
59804c675feae328bfcf0987,0.1071428582072258,5,"[1, 45, 51, 53, 66]"
59804c665feae328bfcf0913,0.1071428582072258,4,"[1, 45, 51, 54]"
59804c715feae328bfcf0cb7,0.0714285746216774,5,"[1, 45, 51, 54, 59]"
59804c675feae328bfcf0969,0.0714285746216774,5,"[1, 45, 51, 54, 60]"
59804c675feae328bfcf0989,0.1071428582072258,5,"[1, 45, 51, 54, 66]"
59804c675feae328bfcf093c,0.0714285746216774,4,"[1, 45, 51, 59]"
59804c715feae328bfcf0c9a,0.0714285746216774,5,"[1, 45, 51, 59, 66]"
59804c665feae328bfcf092d,0.0714285746216774,4,"[1, 45, 51, 60]"
59804c675feae328bfcf099b,0.0714285746216774,5,"[1, 45, 51, 60, 66]"
59804c495feae328bfcf05cf,0.1071428582072258,4,"[1, 45, 51, 66]"
59804c105feae328bfcf00b3,0.25,3,"[1, 45, 53]"
59804c495feae328bfcf058b,0.0714285746216774,4,"[1, 45, 53, 60]"
59804c675feae328bfcf0a07,0.0714285746216774,5,"[1, 45, 53, 60, 66]"
59804c495feae328bfcf0552,0.25,4,"[1, 45, 53, 66]"
59804c675feae328bfcf09af,0.0714285746216774,5,"[1, 45, 53, 66, 68]"
59804c495feae328bfcf053c,0.0714285746216774,4,"[1, 45, 53, 68]"
59804c495feae328bfcf053e,0.0714285746216774,4,"[1, 45, 53, 69]"
59804c105feae328bfcf00b5,0.25,3,"[1, 45, 54]"
59804c495feae328bfcf058c,0.0714285746216774,4,"[1, 45, 54, 60]"
59804c675feae328bfcf0a09,0.0714285746216774,5,"[1, 45, 54, 60, 66]"
59804c495feae328bfcf0553,0.25,4,"[1, 45, 54, 66]"
59804c675feae328bfcf09b1,0.0714285746216774,5,"[1, 45, 54, 66, 68]"
59804c495feae328bfcf053d,0.0714285746216774,4,"[1, 45, 54, 68]"
59804c495feae328bfcf053f,0.0714285746216774,4,"[1, 45, 54, 69]"
59804c105feae328bfcf006d,0.1785714328289032,3,"[1, 45, 60]"
59804c495feae328bfcf05e7,0.1785714328289032,4,"[1, 45, 60, 66]"
59804c105feae328bfcf0093,0.7142857313156128,3,"[1, 45, 66]"
59804c675feae328bfcf0942,0.0714285746216774,4,"[1, 45, 66, 68]"
59804c2c5feae328bfcf02de,0.0714285746216774,4,"[1, 45, 66, 72]"
59804c2c5feae328bfcf02df,0.0714285746216774,4,"[1, 45, 66, 72]"
59804c105feae328bfcf00a5,0.0714285746216774,3,"[1, 45, 68]"
59804c105feae328bfcf00a7,0.0714285746216774,3,"[1, 45, 69]"
59804c105feae328bfcf002c,0.0714285746216774,3,"[1, 45, 72]"
59804c105feae328bfcf002e,0.0714285746216774,3,"[1, 45, 72]"
59804bf45feae328bfcefe8a,0.0714285746216774,2,"[1, 72]"
59804bf45feae328bfcefe96,0.0714285746216774,2,"[1, 72]"
59804bf45feae328bfcefe84,0.4285714328289032,2,"[14, 15]"
59804c105feae328bfcf0041,0.0714285746216774,3,"[14, 15, 16]"
59804c105feae328bfcf005b,0.0714285746216774,3,"[14, 15, 37]"
59804c105feae328bfcf00a1,0.1785714328289032,3,"[14, 15, 38]"
59804c2c5feae328bfcf0310,0.0714285746216774,4,"[14, 15, 38, 63]"
59804c105feae328bfcf0038,0.0714285746216774,3,"[14, 15, 59]"
59804c105feae328bfcf0053,0.0714285746216774,3,"[14, 15, 63]"
59804bf45feae328bfcefe5d,0.0714285746216774,2,"[14, 16]"
59804c105feae328bfcf003f,0.0714285746216774,3,"[14, 16, 65]"
59804bf45feae328bfcefe8b,0.0714285746216774,2,"[14, 37]"
59804c105feae328bfcf0059,0.0714285746216774,3,"[14, 37, 65]"
59804bf45feae328bfcefe70,0.1785714328289032,2,"[14, 38]"
59804c105feae328bfcf0043,0.0714285746216774,3,"[14, 38, 63]"
59804c105feae328bfcf00a0,0.1785714328289032,3,"[14, 38, 65]"
59804c2c5feae328bfcf030f,0.0714285746216774,4,"[14, 38, 65, 67]"
59804c105feae328bfcf0049,0.0714285746216774,3,"[14, 38, 67]"
59804bf45feae328bfcefe57,0.0714285746216774,2,"[14, 59]"
59804c105feae328bfcf0036,0.0714285746216774,3,"[14, 59, 65]"
59804bf45feae328bfcefea6,0.0714285746216774,2,"[14, 63]"
59804bf45feae328bfcefe82,0.4285714328289032,2,"[14, 65]"
59804c105feae328bfcf0062,0.0714285746216774,3,"[14, 65, 67]"
59804bf45feae328bfcefeac,0.0714285746216774,2,"[14, 67]"
59804bf45feae328bfcefe53,0.1785714328289032,2,"[15, 16]"
59804c2c5feae328bfcf02c9,0.0714285746216774,3,"[15, 16, 37]"
59804c495feae328bfcf05b3,0.0714285746216774,4,"[15, 16, 37, 38]"
59804c675feae328bfcf0985,0.0714285746216774,5,"[15, 16, 37, 38, 60]"
59804c495feae328bfcf05b2,0.0714285746216774,4,"[15, 16, 37, 52]"
59804c675feae328bfcf0984,0.0714285746216774,5,"[15, 16, 37, 52, 60]"
59804c495feae328bfcf05d6,0.0714285746216774,4,"[15, 16, 37, 60]"
59804c105feae328bfcf0084,0.0714285746216774,3,"[15, 16, 38]"
59804c105feae328bfcf0042,0.0714285746216774,3,"[15, 16, 46]"
59804c105feae328bfcf0082,0.0714285746216774,3,"[15, 16, 52]"
59804bf45feae328bfcefe6e,0.1428571492433548,2,"[15, 37]"
59804c105feae328bfcf006c,0.1071428582072258,3,"[15, 37, 38]"
59804c495feae328bfcf0565,0.0714285746216774,4,"[15, 37, 38, 50]"
59804c675feae328bfcf097d,0.0714285746216774,5,"[15, 37, 38, 50, 59]"
59804c495feae328bfcf05ab,0.0714285746216774,4,"[15, 37, 38, 59]"
59804c495feae328bfcf055d,0.0714285746216774,4,"[15, 37, 38, 60]"
59804c105feae328bfcf005c,0.0714285746216774,3,"[15, 37, 46]"
59804c2c5feae328bfcf02a7,0.0714285746216774,3,"[15, 37, 50]"
59804c495feae328bfcf0564,0.0714285746216774,4,"[15, 37, 50, 52]"
59804c675feae328bfcf097c,0.0714285746216774,5,"[15, 37, 50, 52, 59]"
59804c495feae328bfcf05da,0.0714285746216774,4,"[15, 37, 50, 59]"
59804c105feae328bfcf006b,0.1071428582072258,3,"[15, 37, 52]"
59804c495feae328bfcf05aa,0.0714285746216774,4,"[15, 37, 52, 59]"
59804c495feae328bfcf055c,0.0714285746216774,4,"[15, 37, 52, 60]"
59804c2c5feae328bfcf02c6,0.0714285746216774,3,"[15, 37, 59]"
59804c2c5feae328bfcf02a6,0.0714285746216774,3,"[15, 37, 60]"
59804bf45feae328bfcefe69,0.25,2,"[15, 38]"
59804c105feae328bfcf007a,0.0714285746216774,3,"[15, 38, 59]"
59804c105feae328bfcf00ac,0.0714285746216774,3,"[15, 38, 63]"
59804bf45feae328bfcefe85,0.4285714328289032,2,"[15, 46]"
59804c105feae328bfcf009f,0.1785714328289032,3,"[15, 46, 52]"
59804c2c5feae328bfcf030c,0.0714285746216774,4,"[15, 46, 52, 63]"
59804c105feae328bfcf003a,0.0714285746216774,3,"[15, 46, 59]"
59804c105feae328bfcf005d,0.0714285746216774,3,"[15, 46, 63]"
59804bf45feae328bfcefe68,0.25,2,"[15, 52]"
59804c105feae328bfcf0079,0.0714285746216774,3,"[15, 52, 59]"
59804c105feae328bfcf00aa,0.0714285746216774,3,"[15, 52, 63]"
59804bf45feae328bfcefe51,0.1785714328289032,2,"[15, 59]"
59804c105feae328bfcf0024,0.0714285746216774,2,"[15, 63]"
59804bf45feae328bfcefe52,0.0714285746216774,2,"[16, 37]"
59804c2c5feae328bfcf02b1,0.0714285746216774,3,"[16, 37, 38]"
59804c495feae328bfcf0570,0.0714285746216774,4,"[16, 37, 38, 60]"
59804c675feae328bfcf0983,0.0714285746216774,5,"[16, 37, 38, 60, 65]"
59804c495feae328bfcf05b1,0.0714285746216774,4,"[16, 37, 38, 65]"
59804c2c5feae328bfcf02b0,0.0714285746216774,3,"[16, 37, 52]"
59804c495feae328bfcf056b,0.0714285746216774,4,"[16, 37, 52, 60]"
59804c675feae328bfcf0982,0.0714285746216774,5,"[16, 37, 52, 60, 65]"
59804c495feae328bfcf05b0,0.0714285746216774,4,"[16, 37, 52, 65]"
59804c2c5feae328bfcf029a,0.0714285746216774,3,"[16, 37, 60]"
59804c495feae328bfcf05d3,0.0714285746216774,4,"[16, 37, 60, 65]"
59804c2c5feae328bfcf02c4,0.0714285746216774,3,"[16, 37, 65]"
59804bf45feae328bfcefe7b,0.0714285746216774,2,"[16, 38]"
59804c105feae328bfcf0081,0.0714285746216774,3,"[16, 38, 65]"
59804c495feae328bfcf05a2,0.0714285746216774,4,"[16, 45, 49, 51]"
59804c675feae328bfcf0954,0.0714285746216774,5,"[16, 45, 49, 51, 53]"
59804c675feae328bfcf0955,0.0714285746216774,5,"[16, 45, 49, 51, 54]"
59804c665feae328bfcf0925,0.0714285746216774,5,"[16, 45, 49, 51, 60]"
59804c715feae328bfcf0c99,0.0714285746216774,5,"[16, 45, 49, 51, 72]"
59804c2c5feae328bfcf0301,0.0714285746216774,3,"[16, 45, 51]"
59804c675feae328bfcf0936,0.0714285746216774,4,"[16, 45, 51, 53]"
59804c715feae328bfcf0cb3,0.0714285746216774,5,"[16, 45, 51, 53, 60]"
59804c675feae328bfcf0952,0.0714285746216774,5,"[16, 45, 51, 53, 66]"
59804c715feae328bfcf0cbe,0.0714285746216774,5,"[16, 45, 51, 53, 72]"
59804c675feae328bfcf0937,0.0714285746216774,4,"[16, 45, 51, 54]"
59804c715feae328bfcf0cb6,0.0714285746216774,5,"[16, 45, 51, 54, 60]"
59804c675feae328bfcf0953,0.0714285746216774,5,"[16, 45, 51, 54, 66]"
59804c715feae328bfcf0cc0,0.0714285746216774,5,"[16, 45, 51, 54, 72]"
59804c675feae328bfcf0999,0.0714285746216774,4,"[16, 45, 51, 60]"
59804c665feae328bfcf0924,0.0714285746216774,5,"[16, 45, 51, 60, 66]"
59804c715feae328bfcf0cb8,0.0714285746216774,5,"[16, 45, 51, 60, 72]"
59804c495feae328bfcf059c,0.0714285746216774,4,"[16, 45, 51, 66]"
59804c715feae328bfcf0c93,0.0714285746216774,5,"[16, 45, 51, 66, 72]"
59804c675feae328bfcf093a,0.0714285746216774,4,"[16, 45, 51, 72]"
59804bf45feae328bfcefe5f,0.0714285746216774,2,"[16, 46]"
59804c105feae328bfcf0040,0.0714285746216774,3,"[16, 46, 65]"
59804c2c5feae328bfcf02a9,0.0714285746216774,3,"[16, 49, 51]"
59804c495feae328bfcf0568,0.0714285746216774,4,"[16, 49, 51, 53]"
59804c675feae328bfcf0978,0.0714285746216774,5,"[16, 49, 51, 53, 60]"
59804c495feae328bfcf0569,0.0714285746216774,4,"[16, 49, 51, 54]"
59804c675feae328bfcf0979,0.0714285746216774,5,"[16, 49, 51, 54, 60]"
59804c495feae328bfcf05dc,0.0714285746216774,4,"[16, 49, 51, 60]"
59804c105feae328bfcf002d,0.0714285746216774,2,"[16, 51]"
59804c2c5feae328bfcf02d0,0.0714285746216774,3,"[16, 51, 53]"
59804c495feae328bfcf0578,0.0714285746216774,4,"[16, 51, 53, 60]"
59804c675feae328bfcf0976,0.0714285746216774,5,"[16, 51, 53, 60, 66]"
59804c495feae328bfcf0566,0.0714285746216774,4,"[16, 51, 53, 66]"
59804c2c5feae328bfcf02d1,0.0714285746216774,3,"[16, 51, 54]"
59804c495feae328bfcf0579,0.0714285746216774,4,"[16, 51, 54, 60]"
59804c675feae328bfcf0977,0.0714285746216774,5,"[16, 51, 54, 60, 66]"
59804c495feae328bfcf0567,0.0714285746216774,4,"[16, 51, 54, 66]"
59804c2c5feae328bfcf029d,0.0714285746216774,3,"[16, 51, 60]"
59804c495feae328bfcf05db,0.0714285746216774,4,"[16, 51, 60, 66]"
59804c2c5feae328bfcf02a3,0.0714285746216774,3,"[16, 51, 66]"
59804bf45feae328bfcefe7a,0.0714285746216774,2,"[16, 52]"
59804c105feae328bfcf0080,0.0714285746216774,3,"[16, 52, 65]"
59804bf45feae328bfcefe4f,0.1785714328289032,2,"[16, 65]"
59804bf45feae328bfcefeb1,0.1071428582072258,2,"[37, 38]"
59804c2c5feae328bfcf02cf,0.0714285746216774,3,"[37, 38, 50]"
59804c495feae328bfcf0577,0.0714285746216774,4,"[37, 38, 50, 59]"
59804c675feae328bfcf097b,0.0714285746216774,5,"[37, 38, 50, 59, 65]"
59804c495feae328bfcf0563,0.0714285746216774,4,"[37, 38, 50, 65]"
59804c2c5feae328bfcf02af,0.0714285746216774,3,"[37, 38, 59]"
59804c495feae328bfcf05a9,0.0714285746216774,4,"[37, 38, 59, 65]"
59804c2c5feae328bfcf02cb,0.0714285746216774,3,"[37, 38, 60]"
59804c495feae328bfcf055b,0.0714285746216774,4,"[37, 38, 60, 65]"
59804c105feae328bfcf006a,0.1071428582072258,3,"[37, 38, 65]"
59804bf45feae328bfcefe98,0.0714285746216774,2,"[37, 46]"
59804c105feae328bfcf005a,0.0714285746216774,3,"[37, 46, 65]"
59804c105feae328bfcf002b,0.0714285746216774,2,"[37, 50]"
59804c2c5feae328bfcf02ce,0.0714285746216774,3,"[37, 50, 52]"
59804c495feae328bfcf0576,0.0714285746216774,4,"[37, 50, 52, 59]"
59804c675feae328bfcf097a,0.0714285746216774,5,"[37, 50, 52, 59, 65]"
59804c495feae328bfcf0562,0.0714285746216774,4,"[37, 50, 52, 65]"
59804c2c5feae328bfcf029c,0.0714285746216774,3,"[37, 50, 59]"
59804c495feae328bfcf05d9,0.0714285746216774,4,"[37, 50, 59, 65]"
59804c2c5feae328bfcf02a5,0.0714285746216774,3,"[37, 50, 65]"
59804bf45feae328bfcefeb0,0.1071428582072258,2,"[37, 52]"
59804c2c5feae328bfcf02ae,0.0714285746216774,3,"[37, 52, 59]"
59804c495feae328bfcf05a8,0.0714285746216774,4,"[37, 52, 59, 65]"
59804c2c5feae328bfcf02ca,0.0714285746216774,3,"[37, 52, 60]"
59804c495feae328bfcf055a,0.0714285746216774,4,"[37, 52, 60, 65]"
59804c105feae328bfcf0069,0.1071428582072258,3,"[37, 52, 65]"
59804bf45feae328bfcefe50,0.0714285746216774,2,"[37, 59]"
59804c2c5feae328bfcf02c2,0.0714285746216774,3,"[37, 59, 65]"
59804c105feae328bfcf0026,0.0714285746216774,2,"[37, 60]"
59804c2c5feae328bfcf02a4,0.0714285746216774,3,"[37, 60, 65]"
59804bf45feae328bfcefe6d,0.1428571492433548,2,"[37, 65]"
59804bf45feae328bfcefe77,0.0714285746216774,2,"[38, 59]"
59804c105feae328bfcf0078,0.0714285746216774,3,"[38, 59, 65]"
59804bf45feae328bfcefe8c,0.0714285746216774,2,"[38, 63]"
59804bf45feae328bfcefe67,0.25,2,"[38, 65]"
59804c105feae328bfcf00b2,0.0714285746216774,3,"[38, 65, 67]"
59804bf45feae328bfcefe95,0.0714285746216774,2,"[38, 67]"
59804bf45feae328bfcefe7f,0.3214285671710968,2,"[45, 47]"
59804c105feae328bfcf00c1,0.3214285671710968,3,"[45, 47, 49]"
59804c495feae328bfcf05c5,0.0714285746216774,4,"[45, 47, 49, 50]"
59804c675feae328bfcf09e1,0.0714285746216774,5,"[45, 47, 49, 50, 72]"
59804c2c5feae328bfcf0315,0.1785714328289032,4,"[45, 47, 49, 54]"
59804c665feae328bfcf0919,0.0714285746216774,5,"[45, 47, 49, 54, 69]"
59804c675feae328bfcf095c,0.1785714328289032,5,"[45, 47, 49, 54, 72]"
59804c495feae328bfcf05bd,0.0714285746216774,4,"[45, 47, 49, 60]"
59804c675feae328bfcf09d0,0.0714285746216774,5,"[45, 47, 49, 60, 72]"
59804c2c5feae328bfcf030d,0.0714285746216774,4,"[45, 47, 49, 69]"
59804c675feae328bfcf09c4,0.0714285746216774,5,"[45, 47, 49, 69, 72]"
59804c2c5feae328bfcf02f5,0.3214285671710968,4,"[45, 47, 49, 72]"
59804c2c5feae328bfcf02f2,0.0714285746216774,3,"[45, 47, 50]"
59804c495feae328bfcf05c3,0.0714285746216774,4,"[45, 47, 50, 66]"
59804c675feae328bfcf09dc,0.0714285746216774,5,"[45, 47, 50, 66, 72]"
59804c495feae328bfcf05fd,0.0714285746216774,4,"[45, 47, 50, 72]"
59804c2c5feae328bfcf02b5,0.1785714328289032,3,"[45, 47, 54]"
59804c2c5feae328bfcf0314,0.1785714328289032,4,"[45, 47, 54, 66]"
59804c665feae328bfcf0918,0.0714285746216774,5,"[45, 47, 54, 66, 68]"
59804c675feae328bfcf095a,0.1785714328289032,5,"[45, 47, 54, 66, 72]"
59804c495feae328bfcf05b6,0.0714285746216774,4,"[45, 47, 54, 68]"
59804c675feae328bfcf0a00,0.0714285746216774,5,"[45, 47, 54, 68, 72]"
59804c495feae328bfcf05b8,0.0714285746216774,4,"[45, 47, 54, 69]"
59804c675feae328bfcf0a04,0.0714285746216774,5,"[45, 47, 54, 69, 72]"
59804c495feae328bfcf057f,0.1785714328289032,4,"[45, 47, 54, 72]"
59804c2c5feae328bfcf02f0,0.0714285746216774,3,"[45, 47, 60]"
59804c495feae328bfcf05bb,0.0714285746216774,4,"[45, 47, 60, 66]"
59804c675feae328bfcf09cc,0.0714285746216774,5,"[45, 47, 60, 66, 72]"
59804c495feae328bfcf05fb,0.0714285746216774,4,"[45, 47, 60, 72]"
59804c105feae328bfcf00bb,0.3214285671710968,3,"[45, 47, 66]"
59804c2c5feae328bfcf0309,0.0714285746216774,4,"[45, 47, 66, 68]"
59804c675feae328bfcf09c0,0.0714285746216774,5,"[45, 47, 66, 68, 72]"
59804c2c5feae328bfcf02e9,0.3214285671710968,4,"[45, 47, 66, 72]"
59804c105feae328bfcf0087,0.0714285746216774,3,"[45, 47, 68]"
59804c495feae328bfcf05fc,0.0714285746216774,4,"[45, 47, 68, 72]"
59804c105feae328bfcf0089,0.0714285746216774,3,"[45, 47, 69]"
59804c495feae328bfcf0600,0.0714285746216774,4,"[45, 47, 69, 72]"
59804c105feae328bfcf0091,0.3214285671710968,3,"[45, 47, 72]"
59804bf45feae328bfcefe7e,0.3214285671710968,2,"[45, 48]"
59804c105feae328bfcf00c0,0.3214285671710968,3,"[45, 48, 49]"
59804c495feae328bfcf05c4,0.0714285746216774,4,"[45, 48, 49, 50]"
59804c675feae328bfcf09df,0.0714285746216774,5,"[45, 48, 49, 50, 72]"
59804c2c5feae328bfcf0313,0.1785714328289032,4,"[45, 48, 49, 53]"
59804c665feae328bfcf0917,0.0714285746216774,5,"[45, 48, 49, 53, 69]"
59804c675feae328bfcf0958,0.1785714328289032,5,"[45, 48, 49, 53, 72]"
59804c495feae328bfcf05bc,0.0714285746216774,4,"[45, 48, 49, 60]"
59804c675feae328bfcf09ce,0.0714285746216774,5,"[45, 48, 49, 60, 72]"
59804c2c5feae328bfcf030b,0.0714285746216774,4,"[45, 48, 49, 69]"
59804c675feae328bfcf09c2,0.0714285746216774,5,"[45, 48, 49, 69, 72]"
59804c2c5feae328bfcf02f4,0.3214285671710968,4,"[45, 48, 49, 72]"
59804c2c5feae328bfcf02ef,0.0714285746216774,3,"[45, 48, 50]"
59804c495feae328bfcf05c2,0.0714285746216774,4,"[45, 48, 50, 66]"
59804c675feae328bfcf09da,0.0714285746216774,5,"[45, 48, 50, 66, 72]"
59804c495feae328bfcf05f9,0.0714285746216774,4,"[45, 48, 50, 72]"
59804c2c5feae328bfcf02b4,0.1785714328289032,3,"[45, 48, 53]"
59804c2c5feae328bfcf0312,0.1785714328289032,4,"[45, 48, 53, 66]"
59804c665feae328bfcf0916,0.0714285746216774,5,"[45, 48, 53, 66, 68]"
59804c675feae328bfcf0956,0.1785714328289032,5,"[45, 48, 53, 66, 72]"
59804c495feae328bfcf05b5,0.0714285746216774,4,"[45, 48, 53, 68]"
59804c675feae328bfcf09ef,0.0714285746216774,5,"[45, 48, 53, 68, 72]"
59804c495feae328bfcf05b7,0.0714285746216774,4,"[45, 48, 53, 69]"
59804c675feae328bfcf0a02,0.0714285746216774,5,"[45, 48, 53, 69, 72]"
59804c495feae328bfcf057e,0.1785714328289032,4,"[45, 48, 53, 72]"
59804c2c5feae328bfcf02ed,0.0714285746216774,3,"[45, 48, 60]"
59804c495feae328bfcf05a4,0.0714285746216774,4,"[45, 48, 60, 66]"
59804c675feae328bfcf09ca,0.0714285746216774,5,"[45, 48, 60, 66, 72]"
59804c495feae328bfcf05f7,0.0714285746216774,4,"[45, 48, 60, 72]"
59804c105feae328bfcf00ba,0.3214285671710968,3,"[45, 48, 66]"
59804c2c5feae328bfcf0307,0.0714285746216774,4,"[45, 48, 66, 68]"
59804c675feae328bfcf09be,0.0714285746216774,5,"[45, 48, 66, 68, 72]"
59804c2c5feae328bfcf02e7,0.3214285671710968,4,"[45, 48, 66, 72]"
59804c105feae328bfcf0085,0.0714285746216774,3,"[45, 48, 68]"
59804c495feae328bfcf05fa,0.0714285746216774,4,"[45, 48, 68, 72]"
59804c105feae328bfcf0088,0.0714285746216774,3,"[45, 48, 69]"
59804c495feae328bfcf05fe,0.0714285746216774,4,"[45, 48, 69, 72]"
59804c105feae328bfcf008f,0.3214285671710968,3,"[45, 48, 72]"
59804bf45feae328bfcefea5,0.7142857313156128,2,"[45, 49]"
59804c2c5feae328bfcf02da,0.1785714328289032,3,"[45, 49, 50]"
59804c495feae328bfcf0595,0.0714285746216774,4,"[45, 49, 50, 51]"
59804c675feae328bfcf09fa,0.0714285746216774,5,"[45, 49, 50, 51, 53]"
59804c675feae328bfcf09fb,0.0714285746216774,5,"[45, 49, 50, 51, 54]"
59804c665feae328bfcf0921,0.0714285746216774,5,"[45, 49, 50, 51, 59]"
59804c675feae328bfcf09a0,0.0714285746216774,5,"[45, 49, 50, 51, 72]"
59804c495feae328bfcf052c,0.0714285746216774,4,"[45, 49, 50, 53]"
59804c675feae328bfcf0a1a,0.0714285746216774,5,"[45, 49, 50, 53, 72]"
59804c495feae328bfcf052d,0.0714285746216774,4,"[45, 49, 50, 54]"
59804c675feae328bfcf0a1c,0.0714285746216774,5,"[45, 49, 50, 54, 72]"
59804c495feae328bfcf05e5,0.1785714328289032,4,"[45, 49, 50, 72]"
59804c2c5feae328bfcf02a1,0.1071428582072258,3,"[45, 49, 51]"
59804c495feae328bfcf056d,0.1071428582072258,4,"[45, 49, 51, 53]"
59804c675feae328bfcf094c,0.0714285746216774,5,"[45, 49, 51, 53, 59]"
59804c675feae328bfcf09f2,0.0714285746216774,5,"[45, 49, 51, 53, 60]"
59804c675feae328bfcf098a,0.1071428582072258,5,"[45, 49, 51, 53, 72]"
59804c495feae328bfcf056e,0.1071428582072258,4,"[45, 49, 51, 54]"
59804c675feae328bfcf094d,0.0714285746216774,5,"[45, 49, 51, 54, 59]"
59804c675feae328bfcf09f3,0.0714285746216774,5,"[45, 49, 51, 54, 60]"
59804c675feae328bfcf098c,0.1071428582072258,5,"[45, 49, 51, 54, 72]"
59804c495feae328bfcf05a1,0.0714285746216774,4,"[45, 49, 51, 59]"
59804c715feae328bfcf0c98,0.0714285746216774,5,"[45, 49, 51, 59, 72]"
59804c495feae328bfcf0594,0.0714285746216774,4,"[45, 49, 51, 60]"
59804c675feae328bfcf099e,0.0714285746216774,5,"[45, 49, 51, 60, 72]"
59804c495feae328bfcf05ce,0.1071428582072258,4,"[45, 49, 51, 72]"
59804c105feae328bfcf0050,0.25,3,"[45, 49, 53]"
59804c495feae328bfcf0524,0.0714285746216774,4,"[45, 49, 53, 60]"
59804c675feae328bfcf0a0a,0.0714285746216774,5,"[45, 49, 53, 60, 72]"
59804c495feae328bfcf0546,0.0714285746216774,4,"[45, 49, 53, 69]"
59804c675feae328bfcf09b2,0.0714285746216774,5,"[45, 49, 53, 69, 72]"
59804c495feae328bfcf0550,0.25,4,"[45, 49, 53, 72]"
59804c105feae328bfcf0051,0.25,3,"[45, 49, 54]"
59804c495feae328bfcf0525,0.0714285746216774,4,"[45, 49, 54, 60]"
59804c675feae328bfcf0a0c,0.0714285746216774,5,"[45, 49, 54, 60, 72]"
59804c495feae328bfcf0547,0.0714285746216774,4,"[45, 49, 54, 69]"
59804c675feae328bfcf09b4,0.0714285746216774,5,"[45, 49, 54, 69, 72]"
59804c495feae328bfcf0551,0.25,4,"[45, 49, 54, 72]"
59804c2c5feae328bfcf02d9,0.1785714328289032,3,"[45, 49, 60]"
59804c495feae328bfcf05e4,0.1785714328289032,4,"[45, 49, 60, 72]"
59804c2c5feae328bfcf02b9,0.0714285746216774,3,"[45, 49, 69]"
59804c675feae328bfcf0941,0.0714285746216774,4,"[45, 49, 69, 72]"
59804c105feae328bfcf0098,0.7142857313156128,3,"[45, 49, 72]"
59804bf45feae328bfcefe5b,0.1785714328289032,2,"[45, 50]"
59804c2c5feae328bfcf0297,0.0714285746216774,3,"[45, 50, 51]"
59804c495feae328bfcf05e3,0.0714285746216774,4,"[45, 50, 51, 53]"
59804c715feae328bfcf0ca8,0.0714285746216774,5,"[45, 50, 51, 53, 59]"
59804c675feae328bfcf09f8,0.0714285746216774,5,"[45, 50, 51, 53, 66]"
59804c675feae328bfcf096a,0.0714285746216774,5,"[45, 50, 51, 53, 72]"
59804c495feae328bfcf05e6,0.0714285746216774,4,"[45, 50, 51, 54]"
59804c715feae328bfcf0cab,0.0714285746216774,5,"[45, 50, 51, 54, 59]"
59804c675feae328bfcf09f9,0.0714285746216774,5,"[45, 50, 51, 54, 66]"
59804c675feae328bfcf096c,0.0714285746216774,5,"[45, 50, 51, 54, 72]"
59804c675feae328bfcf0997,0.0714285746216774,4,"[45, 50, 51, 59]"
59804c665feae328bfcf0920,0.0714285746216774,5,"[45, 50, 51, 59, 66]"
59804c715feae328bfcf0cac,0.0714285746216774,5,"[45, 50, 51, 59, 72]"
59804c495feae328bfcf0593,0.0714285746216774,4,"[45, 50, 51, 66]"
59804c675feae328bfcf099c,0.0714285746216774,5,"[45, 50, 51, 66, 72]"
59804c665feae328bfcf092a,0.0714285746216774,4,"[45, 50, 51, 72]"
59804c2c5feae328bfcf02c3,0.0714285746216774,3,"[45, 50, 53]"
59804c495feae328bfcf052a,0.0714285746216774,4,"[45, 50, 53, 66]"
59804c675feae328bfcf0a16,0.0714285746216774,5,"[45, 50, 53, 66, 72]"
59804c495feae328bfcf0586,0.0714285746216774,4,"[45, 50, 53, 72]"
59804c2c5feae328bfcf02c5,0.0714285746216774,3,"[45, 50, 54]"
59804c495feae328bfcf052b,0.0714285746216774,4,"[45, 50, 54, 66]"
59804c675feae328bfcf0a18,0.0714285746216774,5,"[45, 50, 54, 66, 72]"
59804c495feae328bfcf0588,0.0714285746216774,4,"[45, 50, 54, 72]"
59804c2c5feae328bfcf02d4,0.1785714328289032,3,"[45, 50, 66]"
59804c495feae328bfcf05dd,0.1785714328289032,4,"[45, 50, 66, 72]"
59804c105feae328bfcf0070,0.1785714328289032,3,"[45, 50, 72]"
59804bf45feae328bfcefe56,0.1071428582072258,2,"[45, 51]"
59804c2c5feae328bfcf02d3,0.1071428582072258,3,"[45, 51, 53]"
59804c675feae328bfcf0932,0.0714285746216774,4,"[45, 51, 53, 59]"
59804c675feae328bfcf094a,0.0714285746216774,5,"[45, 51, 53, 59, 66]"
59804c715feae328bfcf0cad,0.0714285746216774,5,"[45, 51, 53, 59, 72]"
59804c495feae328bfcf05d5,0.0714285746216774,4,"[45, 51, 53, 60]"
59804c675feae328bfcf09dd,0.0714285746216774,5,"[45, 51, 53, 60, 66]"
59804c675feae328bfcf0966,0.0714285746216774,5,"[45, 51, 53, 60, 72]"
59804c495feae328bfcf056a,0.1071428582072258,4,"[45, 51, 53, 66]"
59804c675feae328bfcf0986,0.1071428582072258,5,"[45, 51, 53, 66, 72]"
59804c665feae328bfcf090e,0.1071428582072258,4,"[45, 51, 53, 72]"
59804c2c5feae328bfcf02db,0.1071428582072258,3,"[45, 51, 54]"
59804c675feae328bfcf0933,0.0714285746216774,4,"[45, 51, 54, 59]"
59804c675feae328bfcf094b,0.0714285746216774,5,"[45, 51, 54, 59, 66]"
59804c715feae328bfcf0cb4,0.0714285746216774,5,"[45, 51, 54, 59, 72]"
59804c495feae328bfcf05e1,0.0714285746216774,4,"[45, 51, 54, 60]"
59804c675feae328bfcf09f1,0.0714285746216774,5,"[45, 51, 54, 60, 66]"
59804c675feae328bfcf0968,0.0714285746216774,5,"[45, 51, 54, 60, 72]"
59804c495feae328bfcf056c,0.1071428582072258,4,"[45, 51, 54, 66]"
59804c675feae328bfcf0988,0.1071428582072258,5,"[45, 51, 54, 66, 72]"
59804c665feae328bfcf090f,0.1071428582072258,4,"[45, 51, 54, 72]"
59804c2c5feae328bfcf02ff,0.0714285746216774,3,"[45, 51, 59]"
59804c495feae328bfcf059a,0.0714285746216774,4,"[45, 51, 59, 66]"
59804c715feae328bfcf0c92,0.0714285746216774,5,"[45, 51, 59, 66, 72]"
59804c675feae328bfcf0938,0.0714285746216774,4,"[45, 51, 59, 72]"
59804c2c5feae328bfcf0296,0.0714285746216774,3,"[45, 51, 60]"
59804c495feae328bfcf057a,0.0714285746216774,4,"[45, 51, 60, 66]"
59804c675feae328bfcf099a,0.0714285746216774,5,"[45, 51, 60, 66, 72]"
59804c665feae328bfcf0926,0.0714285746216774,4,"[45, 51, 60, 72]"
59804c2c5feae328bfcf029e,0.1071428582072258,3,"[45, 51, 66]"
59804c495feae328bfcf05ca,0.1071428582072258,4,"[45, 51, 66, 72]"
59804c105feae328bfcf0028,0.1071428582072258,3,"[45, 51, 72]"
59804bf45feae328bfcefe89,0.25,2,"[45, 53]"
59804c2c5feae328bfcf02bb,0.0714285746216774,3,"[45, 53, 60]"
59804c495feae328bfcf0522,0.0714285746216774,4,"[45, 53, 60, 66]"
59804c675feae328bfcf0a06,0.0714285746216774,5,"[45, 53, 60, 66, 72]"
59804c495feae328bfcf057c,0.0714285746216774,4,"[45, 53, 60, 72]"
59804c105feae328bfcf004a,0.25,3,"[45, 53, 66]"
59804c495feae328bfcf0544,0.0714285746216774,4,"[45, 53, 66, 68]"
59804c675feae328bfcf09ae,0.0714285746216774,5,"[45, 53, 66, 68, 72]"
59804c495feae328bfcf054a,0.25,4,"[45, 53, 66, 72]"
59804c2c5feae328bfcf0290,0.0714285746216774,3,"[45, 53, 68]"
59804c495feae328bfcf0534,0.0714285746216774,4,"[45, 53, 68, 72]"
59804c2c5feae328bfcf0292,0.0714285746216774,3,"[45, 53, 69]"
59804c495feae328bfcf0536,0.0714285746216774,4,"[45, 53, 69, 72]"
59804c105feae328bfcf00ab,0.25,3,"[45, 53, 72]"
59804bf45feae328bfcefe90,0.25,2,"[45, 54]"
59804c2c5feae328bfcf02bc,0.0714285746216774,3,"[45, 54, 60]"
59804c495feae328bfcf0523,0.0714285746216774,4,"[45, 54, 60, 66]"
59804c675feae328bfcf0a08,0.0714285746216774,5,"[45, 54, 60, 66, 72]"
59804c495feae328bfcf0581,0.0714285746216774,4,"[45, 54, 60, 72]"
59804c105feae328bfcf004b,0.25,3,"[45, 54, 66]"
59804c495feae328bfcf0545,0.0714285746216774,4,"[45, 54, 66, 68]"
59804c675feae328bfcf09b0,0.0714285746216774,5,"[45, 54, 66, 68, 72]"
59804c495feae328bfcf054b,0.25,4,"[45, 54, 66, 72]"
59804c2c5feae328bfcf0291,0.0714285746216774,3,"[45, 54, 68]"
59804c495feae328bfcf0535,0.0714285746216774,4,"[45, 54, 68, 72]"
59804c2c5feae328bfcf0293,0.0714285746216774,3,"[45, 54, 69]"
59804c495feae328bfcf0537,0.0714285746216774,4,"[45, 54, 69, 72]"
59804c105feae328bfcf00b4,0.25,3,"[45, 54, 72]"
59804bf45feae328bfcefe58,0.1785714328289032,2,"[45, 60]"
59804c2c5feae328bfcf02d2,0.1785714328289032,3,"[45, 60, 66]"
59804c495feae328bfcf05d4,0.1785714328289032,4,"[45, 60, 66, 72]"
59804c105feae328bfcf0054,0.1785714328289032,3,"[45, 60, 72]"
59804bf45feae328bfcefe97,0.7142857313156128,2,"[45, 66]"
59804c2c5feae328bfcf02b6,0.0714285746216774,3,"[45, 66, 68]"
59804c665feae328bfcf0929,0.0714285746216774,4,"[45, 66, 68, 72]"
59804c105feae328bfcf0086,0.7142857313156128,3,"[45, 66, 72]"
59804bf45feae328bfcefe9c,0.0714285746216774,2,"[45, 68]"
59804c105feae328bfcf00a4,0.0714285746216774,3,"[45, 68, 72]"
59804bf45feae328bfcefe9d,0.0714285746216774,2,"[45, 69]"
59804c105feae328bfcf00a6,0.0714285746216774,3,"[45, 69, 72]"
59804bf45feae328bfcefea1,0.7142857313156128,2,"[45, 72]"
59804bf45feae328bfcefe71,0.1785714328289032,2,"[46, 52]"
59804c105feae328bfcf0039,0.0714285746216774,3,"[46, 52, 63]"
59804c105feae328bfcf009e,0.1785714328289032,3,"[46, 52, 65]"
59804c2c5feae328bfcf030a,0.0714285746216774,4,"[46, 52, 65, 67]"
59804c105feae328bfcf0048,0.0714285746216774,3,"[46, 52, 67]"
59804bf45feae328bfcefe5e,0.0714285746216774,2,"[46, 59]"
59804c105feae328bfcf0037,0.0714285746216774,3,"[46, 59, 65]"
59804bf45feae328bfcefea7,0.0714285746216774,2,"[46, 63]"
59804bf45feae328bfcefe83,0.4285714328289032,2,"[46, 65]"
59804c105feae328bfcf0063,0.0714285746216774,3,"[46, 65, 67]"
59804bf45feae328bfcefead,0.0714285746216774,2,"[46, 67]"
59804bf45feae328bfcefe87,0.4285714328289032,2,"[47, 49]"
59804c105feae328bfcf003e,0.0714285746216774,3,"[47, 49, 50]"
59804c105feae328bfcf0058,0.0714285746216774,3,"[47, 49, 51]"
59804c105feae328bfcf009d,0.1785714328289032,3,"[47, 49, 54]"
59804c2c5feae328bfcf0308,0.0714285746216774,4,"[47, 49, 54, 69]"
59804c105feae328bfcf0035,0.0714285746216774,3,"[47, 49, 60]"
59804c105feae328bfcf0061,0.0714285746216774,3,"[47, 49, 69]"
59804bf45feae328bfcefe63,0.0714285746216774,2,"[47, 50]"
59804c105feae328bfcf003c,0.0714285746216774,3,"[47, 50, 66]"
59804bf45feae328bfcefe9a,0.0714285746216774,2,"[47, 51]"
59804c105feae328bfcf0056,0.0714285746216774,3,"[47, 51, 66]"
59804bf45feae328bfcefe73,0.1785714328289032,2,"[47, 54]"
59804c105feae328bfcf009c,0.1785714328289032,3,"[47, 54, 66]"
59804c2c5feae328bfcf0306,0.0714285746216774,4,"[47, 54, 66, 68]"
59804c105feae328bfcf0045,0.0714285746216774,3,"[47, 54, 68]"
59804c105feae328bfcf0047,0.0714285746216774,3,"[47, 54, 69]"
59804bf45feae328bfcefe62,0.0714285746216774,2,"[47, 60]"
59804c105feae328bfcf0033,0.0714285746216774,3,"[47, 60, 66]"
59804bf45feae328bfcefe81,0.4285714328289032,2,"[47, 66]"
59804c105feae328bfcf005f,0.0714285746216774,3,"[47, 66, 68]"
59804bf45feae328bfcefea9,0.0714285746216774,2,"[47, 68]"
59804bf45feae328bfcefeab,0.0714285746216774,2,"[47, 69]"
59804bf45feae328bfcefe86,0.4285714328289032,2,"[48, 49]"
59804c105feae328bfcf003d,0.0714285746216774,3,"[48, 49, 50]"
59804c105feae328bfcf0057,0.0714285746216774,3,"[48, 49, 51]"
59804c105feae328bfcf009b,0.1785714328289032,3,"[48, 49, 53]"
59804c2c5feae328bfcf0305,0.0714285746216774,4,"[48, 49, 53, 69]"
59804c105feae328bfcf0034,0.0714285746216774,3,"[48, 49, 60]"
59804c105feae328bfcf0060,0.0714285746216774,3,"[48, 49, 69]"
59804bf45feae328bfcefe61,0.0714285746216774,2,"[48, 50]"
59804c105feae328bfcf003b,0.0714285746216774,3,"[48, 50, 66]"
59804bf45feae328bfcefe99,0.0714285746216774,2,"[48, 51]"
59804c105feae328bfcf0052,0.0714285746216774,3,"[48, 51, 66]"
59804bf45feae328bfcefe72,0.1785714328289032,2,"[48, 53]"
59804c105feae328bfcf009a,0.1785714328289032,3,"[48, 53, 66]"
59804c2c5feae328bfcf0303,0.0714285746216774,4,"[48, 53, 66, 68]"
59804c105feae328bfcf0044,0.0714285746216774,3,"[48, 53, 68]"
59804c105feae328bfcf0046,0.0714285746216774,3,"[48, 53, 69]"
59804bf45feae328bfcefe60,0.0714285746216774,2,"[48, 60]"
59804c105feae328bfcf0032,0.0714285746216774,3,"[48, 60, 66]"
59804bf45feae328bfcefe80,0.4285714328289032,2,"[48, 66]"
59804c105feae328bfcf005e,0.0714285746216774,3,"[48, 66, 68]"
59804bf45feae328bfcefea8,0.0714285746216774,2,"[48, 68]"
59804bf45feae328bfcefeaa,0.0714285746216774,2,"[48, 69]"
59804bf45feae328bfcefe55,0.1785714328289032,2,"[49, 50]"
59804c2c5feae328bfcf02c0,0.0714285746216774,3,"[49, 50, 51]"
59804c495feae328bfcf05ae,0.0714285746216774,4,"[49, 50, 51, 53]"
59804c675feae328bfcf0980,0.0714285746216774,5,"[49, 50, 51, 53, 59]"
59804c495feae328bfcf05af,0.0714285746216774,4,"[49, 50, 51, 54]"
59804c675feae328bfcf0981,0.0714285746216774,5,"[49, 50, 51, 54, 59]"
59804c495feae328bfcf05d8,0.0714285746216774,4,"[49, 50, 51, 59]"
59804c105feae328bfcf007e,0.0714285746216774,3,"[49, 50, 53]"
59804c105feae328bfcf007f,0.0714285746216774,3,"[49, 50, 54]"
59804bf45feae328bfcefe6f,0.1428571492433548,2,"[49, 51]"
59804c105feae328bfcf0067,0.1071428582072258,3,"[49, 51, 53]"
59804c495feae328bfcf0560,0.0714285746216774,4,"[49, 51, 53, 59]"
59804c495feae328bfcf05a6,0.0714285746216774,4,"[49, 51, 53, 60]"
59804c105feae328bfcf0068,0.1071428582072258,3,"[49, 51, 54]"
59804c495feae328bfcf0561,0.0714285746216774,4,"[49, 51, 54, 59]"
59804c495feae328bfcf05a7,0.0714285746216774,4,"[49, 51, 54, 60]"
59804c2c5feae328bfcf02a8,0.0714285746216774,3,"[49, 51, 59]"
59804c2c5feae328bfcf02be,0.0714285746216774,3,"[49, 51, 60]"
59804bf45feae328bfcefe6a,0.25,2,"[49, 53]"
59804c105feae328bfcf0075,0.0714285746216774,3,"[49, 53, 60]"
59804c105feae328bfcf00af,0.0714285746216774,3,"[49, 53, 69]"
59804bf45feae328bfcefe6b,0.25,2,"[49, 54]"
59804c105feae328bfcf0076,0.0714285746216774,3,"[49, 54, 60]"
59804c105feae328bfcf00b0,0.0714285746216774,3,"[49, 54, 69]"
59804bf45feae328bfcefe54,0.1785714328289032,2,"[49, 60]"
59804c105feae328bfcf0025,0.0714285746216774,2,"[49, 69]"
59804bf45feae328bfcefe4e,0.0714285746216774,2,"[50, 51]"
59804c2c5feae328bfcf02ac,0.0714285746216774,3,"[50, 51, 53]"
59804c495feae328bfcf0572,0.0714285746216774,4,"[50, 51, 53, 59]"
59804c675feae328bfcf097e,0.0714285746216774,5,"[50, 51, 53, 59, 66]"
59804c495feae328bfcf05ac,0.0714285746216774,4,"[50, 51, 53, 66]"
59804c2c5feae328bfcf02ad,0.0714285746216774,3,"[50, 51, 54]"
59804c495feae328bfcf0574,0.0714285746216774,4,"[50, 51, 54, 59]"
59804c675feae328bfcf097f,0.0714285746216774,5,"[50, 51, 54, 59, 66]"
59804c495feae328bfcf05ad,0.0714285746216774,4,"[50, 51, 54, 66]"
59804c2c5feae328bfcf029b,0.0714285746216774,3,"[50, 51, 59]"
59804c495feae328bfcf05d7,0.0714285746216774,4,"[50, 51, 59, 66]"
59804c2c5feae328bfcf02bd,0.0714285746216774,3,"[50, 51, 66]"
59804bf45feae328bfcefe78,0.0714285746216774,2,"[50, 53]"
59804c105feae328bfcf007c,0.0714285746216774,3,"[50, 53, 66]"
59804bf45feae328bfcefe79,0.0714285746216774,2,"[50, 54]"
59804c105feae328bfcf007d,0.0714285746216774,3,"[50, 54, 66]"
59804bf45feae328bfcefe4c,0.1785714328289032,2,"[50, 66]"
59804bf45feae328bfcefeae,0.1071428582072258,2,"[51, 53]"
59804c2c5feae328bfcf02cc,0.0714285746216774,3,"[51, 53, 59]"
59804c495feae328bfcf055e,0.0714285746216774,4,"[51, 53, 59, 66]"
59804c2c5feae328bfcf02aa,0.0714285746216774,3,"[51, 53, 60]"
59804c495feae328bfcf05a3,0.0714285746216774,4,"[51, 53, 60, 66]"
59804c105feae328bfcf0055,0.1071428582072258,3,"[51, 53, 66]"
59804bf45feae328bfcefeaf,0.1071428582072258,2,"[51, 54]"
59804c2c5feae328bfcf02cd,0.0714285746216774,3,"[51, 54, 59]"
59804c495feae328bfcf055f,0.0714285746216774,4,"[51, 54, 59, 66]"
59804c2c5feae328bfcf02ab,0.0714285746216774,3,"[51, 54, 60]"
59804c495feae328bfcf05a5,0.0714285746216774,4,"[51, 54, 60, 66]"
59804c105feae328bfcf0066,0.1071428582072258,3,"[51, 54, 66]"
59804c105feae328bfcf002a,0.0714285746216774,2,"[51, 59]"
59804c2c5feae328bfcf02a2,0.0714285746216774,3,"[51, 59, 66]"
59804bf45feae328bfcefe4b,0.0714285746216774,2,"[51, 60]"
59804c2c5feae328bfcf02ba,0.0714285746216774,3,"[51, 60, 66]"
59804bf45feae328bfcefe6c,0.1428571492433548,2,"[51, 66]"
59804bf45feae328bfcefe76,0.0714285746216774,2,"[52, 59]"
59804c105feae328bfcf0077,0.0714285746216774,3,"[52, 59, 65]"
59804bf45feae328bfcefe88,0.0714285746216774,2,"[52, 63]"
59804bf45feae328bfcefe66,0.25,2,"[52, 65]"
59804c105feae328bfcf00b1,0.0714285746216774,3,"[52, 65, 67]"
59804bf45feae328bfcefe94,0.0714285746216774,2,"[52, 67]"
59804bf45feae328bfcefe74,0.0714285746216774,2,"[53, 60]"
59804c105feae328bfcf0064,0.0714285746216774,3,"[53, 60, 66]"
59804bf45feae328bfcefe64,0.25,2,"[53, 66]"
59804c105feae328bfcf00ad,0.0714285746216774,3,"[53, 66, 68]"
59804bf45feae328bfcefe8d,0.0714285746216774,2,"[53, 68]"
59804bf45feae328bfcefe8f,0.0714285746216774,2,"[53, 69]"
59804bf45feae328bfcefe75,0.0714285746216774,2,"[54, 60]"
59804c105feae328bfcf0074,0.0714285746216774,3,"[54, 60, 66]"
59804bf45feae328bfcefe65,0.25,2,"[54, 66]"
59804c105feae328bfcf00ae,0.0714285746216774,3,"[54, 66, 68]"
59804bf45feae328bfcefe8e,0.0714285746216774,2,"[54, 68]"
59804bf45feae328bfcefe91,0.0714285746216774,2,"[54, 69]"
59804bf45feae328bfcefe4d,0.1785714328289032,2,"[59, 65]"
59804bf45feae328bfcefe4a,0.1785714328289032,2,"[60, 66]"
59804c105feae328bfcf0023,0.0714285746216774,2,"[65, 67]"
59804c105feae328bfcf0022,0.0714285746216774,2,"[66, 68]"
